start_point_lat,start_point_lng,end_point_lat,end_point_lng
42.34271,-71.085022,42.342263,-71.083962
42.34271,-71.085022,42.344273,-71.082926
42.342263,-71.083962,42.343735,-71.082254
42.343735,-71.082254,42.344273,-71.082926
42.344273,-71.082926,42.345365,-71.081694